<?xml version="1.0" encoding="UTF-8" standalone="no"?>
<Application>
    <Entry>HelloWorld</Entry>
    <Name>
        <English>HelloWorld</English>
        <eng-GB>HelloWorld</eng-GB>
    </Name>
    <Vendor/>
    <Description/>
    <Icons>
        <MainMenu>MainMenu.png<Type1>MainMenu.png</Type1>
            <Type2/>
        </MainMenu>
        <Setting/>
        <Ticker/>
        <QuickPanel/>
        <LaunchImage>Splash.png<Type1>Splash.png</Type1>
            <Type2/>
        </LaunchImage>
    </Icons>
    <AutoScaling>
        <Enabled>false</Enabled>
    </AutoScaling>
</Application>
